word,decade,cluster,cluster_size,rank_in_cluster,distance_to_centroid,target_word_visible,snippet
tobacco,1850,0,54,33,8.2267,True,"...sit. ilitalmall east, loucks. r on amino et miniimw.an isenumbeil te esembe lifittlihe mimi of mgr.& • w tame ravnimstre lee es es=. 4. e • the great tobacco controversy,. "
tobacco,1850,0,54,44,11.6795,True,"ihenry cunningham at glen cottage, t_ -^4 eight l tobacco place, d collector .6 that while there was • respon- measure for changing the govern- be introduced to parliament on nothing would be gained b"
tobacco,1850,1,287,1,4.7476,True,"... see mr. cl on tuesth meco exchange-street so, on wednesday, i went to ugh, as i did not wish to contaminate myself. zy night, i wrote for samples of tobacco. got bills"
tobacco,1850,1,287,4,4.9892,True,"...iam laidler, henry tiddyman, john jones, and john sullivan were re.-examined before mr. henry, on the charge of extorting money from samuel 'wyatt, a tobacconist, in lin"
tobacco,1850,1,287,9,5.2051,True,"thames. robbery in the st. katherine's dock. john singer was charged here this morning with stealing tobacco from the docks. a good deal of tobacco bad been of late stolen, and the prisoner was long s"
tobacco,1850,1,287,11,5.2585,True,"bow-street. ellen sacker and john tobacco manufacturers, carrying on business at 4, gordon-street, islington, were summoned at the instance of the board of inland revenue, to answer several c..."
tobacco,1850,1,287,18,5.4744,True,"court of session-first division. wednisdat, june 9. christie v. thomson. beery christie, tobacco manufacturer, south bridge edinburgh, sues james thomson, tide-surveyor, leith the damages on account o"
tobacco,1850,1,287,19,5.4844,True,"thames. robbery in the st. katherine's dock. john singer was charged here this morning with stealing tobacco from the docks. a good deal of tobacco bad been of late stolen, and the prisoner was long s"
tobacco,1850,1,287,23,5.5277,True,"thames. tobacco smuggling.—joseph langston, a stoker, who has been employed on board the belgian ship baron osy, was brought before mr. yardley, charged with smuggli..."
tobacco,1850,1,287,27,5.5412,True,"a marvellous tale. a man named jardin, 72 years of age, employed in the tobacco manufactory of nevers, was a few days ago, whilst leaving the railway station with some tobacco for which -he had been s"
tobacco,1850,1,287,29,5.5712,True,"court of session-first division. wednisdat, june 9. christie v. thomson. beery christie, tobacco manufacturer, south bridge edinburgh, sues james thomson, tide-surveyor, leith the damages on account o"
tobacco,1850,1,287,35,5.6297,True,"arrest of four smugglers. seizure of a sloop and a laroe quantity of tobacco. on wednesday morning last four men, named re- spectively james rickards, 60; edward rickards, 43; james rickards, the youn"
tobacco,1850,1,287,37,5.6335,True,"cultivation of tobacco. from a report addressed to the agricultural so- ciety of algiers, it appears that while in 1848 the province of algiers only produced 138,574 kilog...."
tobacco,1850,1,287,41,5.6764,True,"excise prosecution mr. bei!lie and mr. aitchison sat on tuesday, in the justice of peace court, to hear a case in vi hich mr. robert gordon, tobacco-manufacturer, was charged with having, on the ist o"
tobacco,1850,1,287,43,5.6825,True,"pro- surrendered until cleared. future linpor- -ist all tobacco introduced by the -•nt of the' bat ), on the other of tin end i o per con upon ship!' british -b oreign •es sr cent. made for obaeco as "
tobacco,1850,1,287,47,5.7251,True,"thames. tobacco smuggling.—joseph langston, a stoker, who has been employed on board the belgian ship baron osy, was brought before mr. yardley, charged with smuggli..."
tobacco,1850,1,287,51,5.7358,True,"cultivation of tobacco. from a report addressed to the agricultural so- ciety of algiers, it appears that while in 1848 the province of algiers only produced 138,574 kilog...."
tobacco,1850,1,287,54,5.76,True,"...rs aterioo lioulc, was orou,gnt, up charged with breaking, the etistonis' soil which had been placed on the ship's stores, and stealing a quantity of tobacco. the steward le the ship ,s"
tobacco,1850,1,287,56,5.7835,True,"the liverpool standard, tuesday, may 17, 1853. police court.-yesterday. smuggling tobacco.—richard forth was fined 20s. and costs, or ten days' imprisonment, for smuggling 151b5.. of cigars from a ves"
tobacco,1850,1,287,59,5.8147,True,"the tobacco trade. on tuesday a deputation of the leading merchants of the city of london waited upon the chancellor of the exchequer, with refer: uce to the tob..."
tobacco,1850,1,287,63,5.8448,True,"thames. tobacco smuggling.—joseph langston, a stoker, who has been employed on board the belgian ship baron osy, was brought before mr. yardley, charged with smuggli..."
tobacco,1850,1,287,64,5.846,True,"...""""q oilale*jegi 01•nrimpronsi w l ip him to sent bin diniiiise *if teat lice twa handrtd tbjesand poiratk is a wialstieraden to which the contract of tobacco was/ices"
tobacco,1850,1,287,67,5.8665,True,"...lice court& bow-btrent. ha 111-favoured young fellow, who when placed in the dock gave the name of beery grote., wwi charged with sinking a parcel of tobacco sad cigars, valued at m. 19a., i rom"
tobacco,1850,1,287,70,5.8759,True,"court of session-first division. wednisdat, june 9. christie v. thomson. beery christie, tobacco manufacturer, south bridge edinburgh, sues james thomson, tide-surveyor, leith the damages on account o"
tobacco,1850,1,287,72,5.8933,True,"the tobacco trade. on tuesday a deputation of the leading merchants of the city of london waited upon the chancellor of the exchequer, with refer: uce to the tob..."
tobacco,1850,1,287,73,5.9007,True,"...ohn fowler, aged 32, the steward of the steam-ship east indian, was brought before mr yardley, charged with smuggling 91 lbs. of foreign manufactured tobacco which had n"
tobacco,1850,1,287,77,5.9367,True,important alteration in the tobacco tuties. :d extinction op the scotch and irish ucturi among what will be considered the minor alterations proposed by mr. gladstone on the customs dut...
tobacco,1850,1,287,79,5.9522,True,tee t''bacco duty. the very high duties laid upon tobacco by seve- ral nations ot europe—many hundred per ceat. of its cost price here—and the monopoly in the sale of it for the purpose of extracting 
tobacco,1850,1,287,80,5.9614,True,"arrest of four smugglers. seizure of a sloop and a laroe quantity of tobacco. on wednesday morning last four men, named re- spectively james rickards, 60; edward rickards, 43; james rickards, the youn"
tobacco,1850,1,287,81,5.9738,True,"tobacco.- ^heir lord-hips reserve to themsolv, s the power, hen t e ten- ders are open. d, f tontraettnl either for the whole, for such ])art theruot only as..."
tobacco,1850,1,287,82,5.9801,True,"birkenhead. obtaining tobacco by false prbtbnces.-a country- man, named john craig, was charged, by mrs. hannah vickery, tobacconist of market-street, with defrauding her, by mean..."
tobacco,1850,1,287,83,5.984,True,"y the in;,l--,1 five roll the notes (produ 25) fox ‘..a.y mail, containing half notes .s of tobacco. i had great suspicion of .ced them). i went to the bank, and found vere bad. i ut, then packed up t"
tobacco,1850,1,287,89,6.0276,True,the tobacco duty. the very high duties laid upon tobacco by seve- ral nations of europe—many hundred per cent. of its cost price here—and the monopoly in the sal...
tobacco,1850,1,287,91,6.0699,True,"health. ireland tobacco.—a !chooner called the grin, of wexford, was seised this week in oar port, by the custom-hou,e authorities, for having a quantity of contraband tobac..."
tobacco,1850,1,287,92,6.0796,True,"police court y.- e ste rd ay. smuggling tobacco.—richard forth was fined 20s. and costs, or ten days' imprisonment, for smuggling 151bs. of cigars from a vessel in the nelson-dock and john clark wa..."
tobacco,1850,1,287,93,6.0877,True,"destructionof spurious tea and tobacco at the excise. office, liverpool. yesterday we witnessed the destruction of several large quantities of tea and tobacco, at the revenue-buildings, in..."
tobacco,1850,1,287,97,6.1148,True,"the police court& mansion-house, marko cortial, • frenchmen, waa brought before mr. aldermen wire chuged with smuggling tobacco and brandy, radar the fallowing circumstances. r. macdonald, • customs o"
tobacco,1850,1,287,102,6.1376,True,"enactments and anathemas against tobacco. in the reign of king james 1., the use of tobacco having become universal among the common people, a royal ""counterblast to tobacco"" was published a..."
tobacco,1850,1,287,103,6.1387,True,"police court.-yesterday. smuggling tobacco.—a young mam,named ililliana wilson, was fined 20s. and costs, on a charge of having smuggled 1 pound of tobacco, and a quantity of cigars. he was me..."
tobacco,1850,1,287,105,6.157,True,"police court.-yesterday. smuggling tobacco.—a young mam, named william wilson, was fined 20s. and costs, on a charge of having smuggled l pound of tobacco, and a quantity of cigars. he was met..."
tobacco,1850,1,287,109,6.203,True,"arrest of four smugglers. seizure of a sloop and a laroe quantity of tobacco. on wednesday morning last four men, named re- spectively james rickards, 60; edward rickards, 43; james rickards, the youn"
tobacco,1850,1,287,110,6.2065,True,"pro- surrendered until cleared. future linpor- -ist all tobacco introduced by the -•nt of the' bat ), on the other of tin end i o per con upon ship!' british -b oreign •es sr cent. made for obaeco as "
tobacco,1850,1,287,111,6.2093,True,"iniquitous in character, to tax licenses. dealer :in tobacco and snuff,""—how many times has this modest annonce met the eye on the small board over the chandler's door yet these poor petty dealers wer"
tobacco,1850,1,287,119,6.2942,True,"birkenhead. obtaining tobacco by false prbtbnces.-a country- man, named john craig, was charged, by mrs. hannah vickery, tobacconist of market-street, with defrauding her, by mean..."
tobacco,1850,1,287,129,6.3469,True,"riot in cambridge. fight between the undergraduates and the police. on friday night a gentleman essayed to give a lecture against the use of tobacco in the town-hall, at cam- bridge. the room was cram"
tobacco,1850,1,287,131,6.3533,True,"riot in cambridge. fight between the undergraduates and the police. on friday night a gentleman essayed to give a lecture against the use of tobacco in the town-hall, at cam- bridge. the room was cram"
tobacco,1850,1,287,136,6.4254,True,"tobacco fob the army in the east. a public subscription having been opened in the department of the gironde, the amount of which is to be laid out in tobacco..."
tobacco,1850,1,287,137,6.4396,True,"the master of the houae, mated that on monday the m- inster complained that they tasted tobacco to lily tea. on ea twining into the matter he found that such was the ease. 71ia first parson who eosupl"
tobacco,1850,1,287,138,6.4451,True,"by means of differential duties prohibited from carrying, french west indies; and manufactured tobacco only in french"
tobacco,1850,1,287,139,6.4477,True,"tobacco.- ^heir lord-hips reserve to themsolv, s the power, hen t e ten- ders are open. d, f tontraettnl either for the whole, for such ])art theruot only as..."
tobacco,1850,1,287,140,6.4514,True,"coon par eaten cbooolaiiired eatistkeery ..... data tobacco noma tolima is int tolosa, b edi mossobetand cditto sad riatiletarad kenos eara tea wine la arks ditto la bottle. byear, maid ditto, raw llo"
tobacco,1850,1,287,141,6.4552,True,"excise prosecution mr. bei!lie and mr. aitchison sat on tuesday, in the justice of peace court, to hear a case in vi hich mr. robert gordon, tobacco-manufacturer, was charged with having, on the ist o"
tobacco,1850,1,287,142,6.4579,True,"... moreland, the latter with a child in her arms, were charged before alderman challis with a breach of the prison regulation in at• tempting to convey tobacco to"
tobacco,1850,1,287,146,6.4801,True,"arrest of four smugglers. seizure of a sloop and a laroe quantity of tobacco. on wednesday morning last four men, named re- spectively james rickards, 60; edward rickards, 43; james rickards, the youn"
tobacco,1850,1,287,152,6.5336,True,"tobacco powder (tobaco polvo) for sale in spain. to be disposed of by order of the spanish go- vernment, 890,227 lbs. of tobacco powder deposited at the ma, ..."
tobacco,1850,1,287,160,6.5821,True,"the unties "".—gar. tea, and tobacco to be exempted from the customs clr"" the trsentrback soap to be tendered for at a price exclusive of the which will be allowed the contractor. fin—ar..."
tobacco,1850,1,287,163,6.5875,True,tee t''bacco duty. the very high duties laid upon tobacco by seve- ral nations ot europe—many hundred per ceat. of its cost price here—and the monopoly in the sale of it for the purpose of extracting 
tobacco,1850,1,287,165,6.5967,True,"enactments and anathemas against tobacco. in the reign of king james 1., the use of tobacco having become universal among the common people, a royal ""counterblast to tobacco"" was published a..."
tobacco,1850,1,287,167,6.6149,True,"the unties "".—gar. tea, and tobacco to be exempted from the customs clr"" the trsentrback soap to be tendered for at a price exclusive of the which will be allowed the contractor. fin—ar..."
tobacco,1850,1,287,168,6.6168,True,"...ogne. a seaman, nato,_ belonging to the star of the west, from new york, w fined 20s. for smuggling five bottles of brandy and 3!.,, it upon his pers tobacco and i d doole, o"
tobacco,1850,1,287,172,6.6765,True,"contract for oats, split peas, and tobacco. department of the comptroller for victualling and transport services, somerset-house, 4th june, 1859. the commissioners for executing the office of ..."
tobacco,1850,1,287,177,6.7193,True,"st. leonard's-on-sea, oot. 12. tobacco.--the first cargo of tobacco for the season has just arrived at leith, to messrs. laurie, son di co, from richmond, virginia, by the rover, captain s..."
tobacco,1850,1,287,182,6.7286,True,"the police court& mansion-house, marko cortial, • frenchmen, waa brought before mr. aldermen wire chuged with smuggling tobacco and brandy, radar the fallowing circumstances. r. macdonald, • customs o"
tobacco,1850,1,287,184,6.735,True,"...erpool. -- in liverpool the trade is in the hands of balf-a-dozen importers, and just the same number of brokers. there are 22 manufacturers, and 160 tobacconists or retailers."
tobacco,1850,1,287,185,6.7369,True,the tobacco duty. the very high duties laid upon tobacco by seve- ral nations of europe—many hundred per cent. of its cost price here—and the monopoly in the sal...
tobacco,1850,1,287,188,6.7672,True,"the master of the houae, mated that on monday the m- inster complained that they tasted tobacco to lily tea. on ea twining into the matter he found that such was the ease. 71ia first parson who eosupl"
tobacco,1850,1,287,190,6.7734,True,"the pres s, october 9,1858. contracts for sugar, tea, tobacco, and soap' department of the comptroller for victualling and transport services, somerset house, 29th september, 185 a. riihe commissioner"
tobacco,1850,1,287,194,6.8198,True,"tobacco fob the army in the east. a public subscription having been opened in the department of the gironde, the amount of which is to be laid out in tobacco..."
tobacco,1850,1,287,201,6.8785,True,"... weeks, and the !mai lder in three weeks aftetwards, or earlier if pre- ferred by the party tendering. pepper (whole tons. blaek)• • .. • • • • • • 5 tobacco ."
tobacco,1850,1,287,204,6.9014,True,"contracts for wine, coco .1, tea, tobacco, and soap. department of the comptroller for victualling and transport services, somerset-place, june 14, 1852. the commissioners for executing the o..."
tobacco,1850,1,287,205,6.909,True,"contract for oats, split peas, and tobacco. department of the comptroller for victualling and transport services, somerset-house, 4th june, 1859. the commissioners for executing the office of ..."
tobacco,1850,1,287,206,6.9146,True,"pro- surrendered until cleared. future linpor- -ist all tobacco introduced by the -•nt of the' bat ), on the other of tin end i o per con upon ship!' british -b oreign •es sr cent. made for obaeco as "
tobacco,1850,1,287,209,6.9249,True,tee t''bacco duty. the very high duties laid upon tobacco by seve- ral nations ot europe—many hundred per ceat. of its cost price here—and the monopoly in the sale of it for the purpose of extracting 
tobacco,1850,1,287,212,6.9802,True,the tobacco duty. the very high duties laid upon tobacco by seve- ral nations of europe—many hundred per cent. of its cost price here—and the monopoly in the sal...
tobacco,1850,1,287,217,7.1185,True,"tobacco v. the doctors. now ready, in small bvo., 25., post free, tobacco: its history, cultivation, manufacture, and adulterati ns. its use and al.the con- ..."
tobacco,1850,1,287,218,7.1185,True,"ship ne ws. liverpool, jan. 14.—wind, s.s.e., fresh. a few casks of tobacco and lard have been saved from the franconia, wrecked near flol.; head. the simpson, from smyrna, bound for this port, has ar"
tobacco,1850,1,287,224,7.2181,True,"...""""q oilale*jegi 01•nrimpronsi w l ip him to sent bin diniiiise *if teat lice twa handrtd tbjesand poiratk is a wialstieraden to which the contract of tobacco was/ices"
tobacco,1850,1,287,226,7.2557,True,"staite's patent diapiiiiaom tobacco pipes. j. terbury, proprietor and manufacturer of the shove invention, has now completed arningementa for supplying the trade and public with these p..."
tobacco,1850,1,287,227,7.2561,True,".... )3erkeley postponed, on behalf of his hen. relative, mr. g. berkeley, the motion for a reim- position of an 83. duty on corn until the 18th of may. tobacco,, colone"
tobacco,1850,1,287,230,7.3368,True,"destructionof spurious tea and tobacco at the excise. office, liverpool. yesterday we witnessed the destruction of several large quantities of tea and tobacco, at the revenue-buildings, in..."
tobacco,1850,1,287,236,7.4012,True,"tuscany. the contract for tobacco has boa adjudged for the 9 years ending september 18.39, to tbe senator em- manuel fetus, at the annual sum of 2,922,300 limes. circulars of the mini..."
tobacco,1850,1,287,239,7.4254,True,"thames. tobacco smuggling.—joseph langston, a stoker, who has been employed on board the belgian ship baron osy, was brought before mr. yardley, charged with smuggli..."
tobacco,1850,1,287,244,7.4722,True,"contracts for wine, cocoa., tea., tobacco, and soap. • department of the comptroller for victualling and transport services, somerset-place, jane 14, 1852. the commissioners for executing the..."
tobacco,1850,1,287,245,7.5186,True,"tallow.—prices are steady, but there is not much se' tivity. tobacco. —the same apathy and dulness, approaching almost to a cessation of business in some descriptions, which characterised the month of"
tobacco,1850,1,287,246,7.5687,True,"the unties "".—gar. tea, and tobacco to be exempted from the customs clr"" the trsentrback soap to be tendered for at a price exclusive of the which will be allowed the contractor. fin—ar..."
tobacco,1850,1,287,249,7.6071,True,"contracts for wine, cocoa, tea, tobacco, and soap. department of the comptrollerfor victualling and transport services, somerset-place, june 14, 1852. the commissioners for executing the of..."
tobacco,1850,1,287,251,7.6155,True,"tobacco v. thb doctors. now ready, in small bvo., 20., post free, 1. obacc 0: its history, cultivation, manufacture, and adulterations. its ilse and abuse co..."
tobacco,1850,1,287,253,7.6202,True,"contracts for wine, coco .1, tea, tobacco, and soap. department of the comptroller for victualling and transport services, somerset-place, june 14, 1852. the commissioners for executing the o..."
tobacco,1850,1,287,254,7.6252,True,"contracts for rum, cocoa, tel, tobacco, and soap. department of the comptroller for victualling and transport services, somerset place, 20th december, 1852. the commissioners for executing..."
tobacco,1850,1,287,257,7.6854,True,"shipping intrlliornc•r casualties. 'ld,. l's rj, birmingham (m.), from dublin, is ashore on great borbo bank.—liverpool, sept. 21. frederick, loading tobacco for bremen mary, loaded with molasses for "
tobacco,1850,1,287,260,7.7968,True,"contracts for wine, cocoa., tea., tobacco, and soap. • department of the comptroller for victualling and transport services, somerset-place, jane 14, 1852. the commissioners for executing the..."
tobacco,1850,1,287,262,7.813,True,"shipping intrlliornc•r casualties. 'ld,. l's rj, birmingham (m.), from dublin, is ashore on great borbo bank.—liverpool, sept. 21. frederick, loading tobacco for bremen mary, loaded with molasses for "
tobacco,1850,1,287,263,7.8207,True,"...man that i know, and i believe that it is the ciga smoke that makes you all so sluggish, and the doctors are quite right. charles ilamerton says that tobacco drives almost everybody mad, besi"
tobacco,1850,1,287,264,7.8291,True,"contracts for wine, cocoa, tea; tobacco, and soap. department of the coniptrollerfor victualling and transport services, somerset-place, juno 14, 1552. .the commissioners for executing the...."
tobacco,1850,1,287,267,7.9246,True,"contracts for wine, cocoa, tea; tobacco, and soap. department of the coniptrollerfor victualling and transport services, somerset-place, juno 14, 1552. .the commissioners for executing the...."
tobacco,1850,1,287,271,8.1133,True,"contract for oats, split peas, and tobacco. department of the comptroller for victualling and transport services, somerset-house, 4th june, 1859. the commissioners for executing the office of ..."
tobacco,1850,1,287,273,8.1948,True,"...ay, (tuesday.) the 18th instant: at twelve o'clock, at the brokers' sale-room, 6, north john-street, about 92 cut hogsheads 73 damaged hogshead .---- tobacco an"
tobacco,1850,1,287,280,8.5012,True,"contract for oats, split peas, and tobacco. department of the comptroller for victualling and transport services, somerset-house, 4th june, 1859. the commissioners for executing the office of ..."
tobacco,1850,1,287,285,9.5211,True,"..., westminster —ln- mates of workhouses, 707 (last christmas, 743). fare, roast beef, plum pudding, &c., ad libitum, and one pint of porter each, with tobacco and snuff to thos"
tobacco,1850,1,287,286,9.6573,True,"...ogne. a seaman, nato,_ belonging to the star of the west, from new york, w fined 20s. for smuggling five bottles of brandy and 3!.,, it upon his pers tobacco and i d doole, o"
tobacco,1850,2,74,13,4.4748,True,"...acks, i_ i_2 &3, qoaonazir,l jal dressing wallets, canteens, lime-street. ceps, silk po chet siphonias, in case, hat 53, castle-street. i suspenders, tobacco bags & p"
tobacco,1850,2,74,17,4.5632,True,"...cks, havre sacks, 2& 8, quadrant, dressing wallets, canteens, liiie-street. cups, silk pocickibiiiionias, in case, hat 53, eastla-street. suspenders, tobacco bags & pouches, &c."
tobacco,1850,2,74,18,4.5739,True,"...napcks havresacks, brx, 2& 3, quadrant dressing wallets, canteens, lire-13 is 3, treet. psiflilk pocket siphonias, clise, hat 1:1-8treet. suspenders, tobacco bags & pouches, "
tobacco,1850,2,74,19,4.5928,True,"...s, havre sacks, 2.8 c 3, quadrant i dressing wallets canteens, lirs-otreet. cups, silk pocket siphonias', in c&sc, hat 53, castle-street. suspenders, tobacco bags & p"
tobacco,1850,2,74,20,4.5947,True,"... havre sacks, 12 &3, quadrant, xi_ dressing wallets, canteens, lime-street. cups, silk pocket siphon 'as, in case, hat 53, castle-street. suspenders, tobacco bags & pouches,"
tobacco,1850,2,74,21,4.6029,True,"...havre sacks, 2& 3, quadrant, l la_ dressing wallets, canteens, lime-street. cups, silk pocket sipho:nias, in case, hat 53, castle-street. suspenders, tobacco bags & pouche"
tobacco,1850,2,74,23,4.6456,True,"...lfriirts. lielleweld s knapsa.cks,havre sacks, 24t ,quadrant, limii-strret. ita, silk pociarr srrnox us, in case, hat 83, casriat-sraavr. suspenders, tobacco bags & pouches, kc. .....______ mod"
tobacco,1850,2,74,25,4.724,True,"he2 141,3 e4i'vell's knuadrant,dapsacks, havre wallets,csacks, lime-street. cups, silk pocket siphonias, in case, hat castle-street. suspenders, tobacco bags & pouches, &c. iw-11 ellewell's life belts"
tobacco,1850,2,74,26,4.8143,True,"...ks, havre sacks, quadrant, 2,,84 8, dressing wallets, canteens, .linle-street. ca 8- ups, silk pocket siphon las, in case, hat nb-street. suspenders, tobacco bags & pouc"
tobacco,1850,2,74,27,4.8169,True,"hellewell's knapsacks, lla.vsksacxs, dams'no wallets, canteens, cups, silk pocket siphonias, in case, hat suspenders, tobacco bags and pouches, &c."
tobacco,1850,2,74,32,5.2935,True,"... havre sacks, 2 & 3, quadrant, _iv dressing wallets, canteens, lime-street. cups, silk pocket siphon las, in case, hat 53, castle-street. suspenders, tobacco bags & pouches,"
tobacco,1850,2,74,63,8.0104,True,"...consist of drawing-room and loun chairs, snap-work, sewing, and other tables, cabinets, writing- desks, work boxes, dressing case portfolios, cigar c tobacco • _ boxes, card ra"
tobacco,1850,3,238,1,4.284,True,"cigars and tobacco in bond, for ships' stores and exportation. turmeau brothers, 11, castle-street. by her majesty's royal letters patent (cooper's patent).—the patent ..."
tobacco,1850,3,238,2,4.3804,True,"cigars and tobacco in bond, for 2 a ,'n ''s stores and exportation. charles tiirmeau, 11, castle-street. by herimajesty's royal letters patent. wrigley's i'iiproved cav..."
tobacco,1850,3,238,3,4.4143,True,"cigars and tobacco in bond, for ship's stores and exportation, charles turmeau, 11, castle-street. rt her majesty's royal letters patent. wrigley's improved cavendish c..."
tobacco,1850,3,238,4,4.4163,True,"cigars and tobacco in bond, for hip's stojres and exportation, charles titrmeaii, 11, castle-street. by her majesty's royal letters patent. wrigley's improved cavendish..."
tobacco,1850,3,238,5,4.4436,True,"cigars and tobacco in bond, for ship's stores and exportation. charles turme au, 11, castle-street."
tobacco,1850,3,238,6,4.4436,True,"cigars and tobacco in bond, for ship's stores and exportation. charles turme au, 11, castle-street."
tobacco,1850,3,238,7,4.4469,True,"cigars and tobacco in bond, for .ship's stores and exportation. charles turmeau, 11,. castle-street."
tobacco,1850,3,238,8,4.475,True,"cigars and tobacco in bond, for ships'.stores and exportation. turmeau brothers, 11, castle-street."
tobacco,1850,3,238,9,4.5011,True,"cigars and tobacco in bond, for ship's stores and exportation charles turmeau, 11, castle-street. ey herimaiesty's royal letters patent. wrigley's improved cavendish cu..."
tobacco,1850,3,238,10,4.5032,True,"cigars and tobacco in bond, fur ship's stores and exportation. charles t ur m e au, 11, c a stl e- stre et."
tobacco,1850,3,238,11,4.5277,True,"cigars and tobacco in bond, for rip's stores and exportation. charles turmeau, 11, castle-street. by herimajesty's royal letters patent. wrigley's improved cavendish cu..."
tobacco,1850,3,238,12,4.5618,True,"cigars and tobacco in bond, for siiip's stores and exportation. turmeau brothers, 11, castle-street."
tobacco,1850,3,238,13,4.5926,True,"cigars and tobacco in bond, for ships' stores and exportation. tiirmeai7 brothers, 11. castle-street. mry the working tailors' associa- tion, 15, williamson-street, chu..."
tobacco,1850,3,238,14,4.6514,True,"cigars and tobacco in bond, for ship's 1 it m a stores u andb r 0 i rexportation r 8 1 1 11, castle-street."
tobacco,1850,3,238,15,4.7247,True,"cigar•s a.nd tobacco in bond, for hip's storeei and exportation. charles turme au, 11, castle-street. by her:majesty's royal letters patent. wrigley's improved cavendish ..."
tobacco,1850,3,238,17,4.8495,True,"cigars and tobacco in bond, for ships' stor and exportation. t r 11 me aw brothers, 11, castle-street. 10001bupts.inteed shst tahed dbreisrstcylae rfads'} 12s 6d by cha..."
tobacco,1850,3,238,19,4.8741,True,"cigars and tobacco in bond, for ship's stores and exportation. charles turmeaii, 11, castle-street. virs. brook, widow of the late mr, brook, surgeon chiropodist, of no..."
tobacco,1850,3,238,20,4.8883,True,"cigars and tobacco in bond, for ship's stores and exportation turmeau brothers, 11, castle-street. wholesale tobacconist, toy and fancy warehouse. toijis selig, 43 and ..."
tobacco,1850,3,238,22,4.9033,True,"cigars and tobacco in bond, for ship's stores and exportation. turmeau brothers, 11, castle-street. foreign correspondence.—asuperiot lot of foreign post paper, on sale..."
tobacco,1850,3,238,23,4.9451,True,"cigars and tobacco i❑ bond, for ship's stores and exportation. charles turmeau, 11, castle-street."
tobacco,1850,3,238,24,4.9594,True,"cigars and tobacco in bond, for ships' stores and exportation. turmeau brothers, it, castle-street. 10001 business address cards,ii2s 6d printed in the best style for b..."
tobacco,1850,3,238,26,5.0177,True,"nelson & co., patentees and manufacturers. 74, lord-street, favrapnol • cigars and tobacco in bond, for ship's stores and exportation. turmeau brothers, 11, castle-street. five quires superfine note p"
tobacco,1850,3,238,27,5.0802,True,"cigars and tobacco in bond, for ship's stores and exportation. charles turmeau, 11, castle-street. a luxury for smokers. baker's cut cavendish, and baker's virginia bir..."
tobacco,1850,3,238,28,5.0847,True,"cigars and tobacco in bond, for ship's stores and exportation. turmeau brothers, 11, castle-str7t't. wm. rowland and son, brewers of the far-famed wrexham a l e, beg to..."
tobacco,1850,3,238,29,5.1023,True,"wholesale tobacconibt, toy and fancy warehouse. tiouis selig, 43 and 45, lime street, i importer of foreign fancy goods. '1 ha trade supplied on most reasonable terms...."
tobacco,1850,3,238,30,5.1469,True,"cigars and tobacco in bond, for siiip's storrs and exportation turmeau brothers, 11, castle-street. to buyers of flannels. real welsh flannels, considerably under value..."
tobacco,1850,3,238,31,5.168,True,"cigars and tobacco in bond, for ships' stores and exportation. turmeau brothers, 11. castle-street. try the working tailors' associa- tion, 15, williamson-street, churc..."
tobacco,1850,3,238,34,5.1995,True,"cigars and tobacco in pond, for ship's stores and exportation. turmeau brothers, 11, castle-street. to buyers of flannels. real welsh flannels, considerably under value..."
tobacco,1850,3,238,36,5.2249,True,"cigars and tobacco in bond, for ships' stores and exportation. turmeau brothers, 11. castle-street. to shipowners and emigration agents. patent emigration ship candle l..."
tobacco,1850,3,238,37,5.2288,True,"liverpool honeydew cut tobacco in quarter-pound barrels. sold:only by tu-rmeau brothers, 11, castle-street."
tobacco,1850,3,238,39,5.291,True,"cigars and tobacco in bond, for ships' stores and exportation. turmeau brothers, 11. castle-street. mry the working tailors' associa- -1 tion, 15, williamson-street, ch..."
tobacco,1850,3,238,40,5.3034,True,"cigars and tobacco in bond, for ship's stores and exportation. charles turmeau, 11, castle-street. 11hompson and capper's homeopathic oa dietetic cocoa. the utmost care..."
tobacco,1850,3,238,41,5.3062,True,"cigars and tobacco in bond, for ship's stores and exportation. turmeatj brothers, 11, castle-street. try the working tailors' associa- tion, 19, williamson-street, chur..."
tobacco,1850,3,238,42,5.3066,True,"liverpool honeydew cut tobacco in quarter-pound barliels, sold only by tiirmeau brothers, 11, castle-street."
tobacco,1850,3,238,45,5.3256,True,"liverpool honeydew cut tobacco in quarter-pound barrels, sold only by tiirmeaii brothers, 11, castle-street"
tobacco,1850,3,238,47,5.3608,True,"cigars and tobacco in boud, for ship's stories and exportation tiirmeau brothers, • 11, castle-stre'et. eilenfield patent starch, ui used in the royal laundry. the ladi..."
tobacco,1850,3,238,49,5.4096,True,"n.b.—ln consequence of the great increase of business in ready-made clothing, the piece goods and order department is removed up stairs. cigars and tobacco in bond, for ship's stores and exportation. "
tobacco,1850,3,238,50,5.4152,True,"4iverpool honeydew cut tobacco in quarter-pound barrels, sold only by turmea-ii brothers, 11, castle-street."
tobacco,1850,3,238,51,5.4167,True,"t4iverpool honeydew cut tobacco in qtjarter•pound barrels. sold only by tiirmeaii brothers, 11, castle-stme r."
tobacco,1850,3,238,52,5.4175,True,"taiverpool honeydew cut tobacco in quarter-pound barrels. soldionly by tiirmeau brothers, 11, castle-street."
tobacco,1850,3,238,53,5.4219,True,"taiverpool honeydew cut tobacco in quarter-pound barrels. sold only by turmeaii brothers 11, castle-street"
tobacco,1850,3,238,54,5.4236,True,"cigars and tobacco in bond, for ship's stores and exportation. tiirmeaii brothers, 11, castle-street. to merchants and shippers.—john gosnell & co.'s celebrated perfume..."
tobacco,1850,3,238,56,5.4352,True,"...sea gonnoerhcea specific tasteless, speedy, & certain. richard bird, chemist, 4. exchange-street eas'e', ive sole agent. in cases at 4s. 6d cigars nd tobacco in bond, for hip's store s and exportatio"
tobacco,1850,3,238,58,5.4486,True,"tiiverpool honeydew cut tobacco in quarter-pound bari:els. sold only by tiirmeau brothers, 11, castle-street."
tobacco,1850,3,238,59,5.4502,True,tobacco tobacco !! tobacco !! • cheapest :in liverpool. fine cut (in 10ib. tarcels) 3s. od. per lb. good cigars (fall flavonr) bs. od. „ (sell for 2d. each.)...
tobacco,1850,3,238,60,5.4591,True,"tiiverpool honeydew cut tobacco in quarter-pound barrels sold only by turmeaii brothers, 11, castle-street."
tobacco,1850,3,238,61,5.462,True,"tiiverpool honeydew cut tobacco in quarter•pound barrels sold only by titrmeaii brothers, 11, castle-street."
tobacco,1850,3,238,62,5.4711,True,"foreign cavendish ""el dorado."" charles turmeau, cigar dealer, 11, castle street. °ter a r s and tobacco in bond, for hip's sto3res and exportation, charles t ur me a u, 11, castle-street. by her majes"
tobacco,1850,3,238,64,5.4781,True,"n.b.—ln consequence of the great increase of business in ready-made clothing, the piece goods and i order department is removed up stairs. cigars and tobacco in bond, for ship's stores and exportation"
tobacco,1850,3,238,66,5.4894,True,"n.b.—ln consequence of the great increase of business in ready-made clothing, the piece goods and order department is removed up stairs. cigars and tobacco in bond, for ship's stores and exportation. "
tobacco,1850,3,238,67,5.5036,True,"n.b.—ln consequence of the great increase of business in ready-made clothing, the piece goods and i order department is removed up stairs. cigars and tobacco in bond, for s rip's sto et es and export "
tobacco,1850,3,238,69,5.5131,True,"latakia. and turkey tobacco of the finest growths. horatio lewis. importer, 67, church-s meet, corner of parker-street."
tobacco,1850,3,238,70,5.5162,True,"n.b.—ln consequence of the great increase of business in ready-made clothing, the piece goods and order department is removed up stairs. cigars and tobacco in bond, for ship's stores and exportation. "
tobacco,1850,3,238,71,5.5265,True,"tobacoo tobacco !! tobacco !.! cheapest in liver,pool. fine cut (in 101 b. rarcels) .:,•,.,, 3s. od. per lb. chester cut • 3s, 6d. „ good cigars (fall flavour), bs. ..."
tobacco,1850,3,238,73,5.5623,True,"to-bacco tobacco)! tobacco cheapest in .liverpool. fine cut (in 10ib. rareels) • cuesttfß cut good cigars (full flavour) bs. od. „ (sell for 2d. cacti.) peter bates, ..."
tobacco,1850,3,238,74,5.5628,True,"cigars and tobacco in bond, for ships' stores and exportation. turmeau brothers, 11, castle-street. rpry the working tailors' associa- tion, 15, williamson-street, chur..."
tobacco,1850,3,238,75,5.5664,True,"n.8.-1n consequence of the great increase of business in ready-made clothing, the piece goods and order department is removed up stairs. cigars and tobacco in bond, for ship's stores and exportation. "
tobacco,1850,3,238,78,5.5879,True,tobacco! tobacco !! tobacco !! -cheapest llverrool. fine cut (in 101 b. rarcels) chester cut good cigars (full flavour) bs. od. ~ (sell for 2d. each.) peter-...
tobacco,1850,3,238,82,5.6409,True,tobacco tobacco !! tobacco !! • cheapest in liverpool. fine cut (in 101 b. rarcels) €rester cut good cigars (full flavour) bs. od. (sell for 2d. each.) peter...
tobacco,1850,3,238,83,5.6431,True,"...pecific. tasteless, speedy, & certain. richard bird, chemist, 4, exchange-street east, liverpool. sole agent. in cases at 4s. 6d. and ile. cigars and tobacco in bond, for ship's "
tobacco,1850,3,238,84,5.6513,True,"ciga and tobacco in bond, for ship's stores and exportation. titrmea ii brothers, 11, castle-street. vauxhall' steam saw mills, 165, vauxhall road, jenbinson and post..."
tobacco,1850,3,238,85,5.6599,True,tobacco tobacco !! tobacco !! • cheapest :in liverpool. fine cut (in 10ib. tarcels) 3s. od. per lb. good cigars (fall flavonr) bs. od. „ (sell for 2d. each.)...
tobacco,1850,3,238,86,5.6797,True,"i 4 iverpool honeydew cut tobacco in quarter-pound barrels, sold:only by tiirmeaii brothers, 11, castle-street to parties furnishing. just received, a large. assortment of drawing_ ro..."
tobacco,1850,3,238,87,5.6869,True,"oigars and tobacco in bond, fur • s s. r_o e s and exportation. c 11 a r l e. s. t u. r m e a. u, 11, castle-street. nit ett:majesty's royal letters patent. wrigley's p..."
tobacco,1850,3,238,88,5.688,True,tobacco •tobacco !! tobacco !! cheapest in liverpool. • fine cut (in 101 b. parcels) chester cut good cigars (full flavour) bs. od. „ (sell for 2d. each.) pe...
tobacco,1850,3,238,89,5.691,True,"...ed in two colours, at half-a•crown a hundred by charles willmer, general printer, northern times office, 19, south john-street, liverpool. cigars and tobacco in bond, for ship"
tobacco,1850,3,238,90,5.6939,True,"...n two 0 colours, at half-a-crown a hundred by charles willmer, general printer,. northern tidies office, 19, south john-street, liverpool. cigars and tobacco in bond, for "
tobacco,1850,3,238,91,5.6988,True,"cigars and tobacco in bond, for ship's stores and exportation. turmeau brothers, 11, castle-street. ji ame s rei d, tailor and draper, 6, basnett-street (opposite compt..."
tobacco,1850,3,238,93,5.718,True,"tiiverpool honeydew cut tobacco in quarter-pound barrels sold only by tuemeau brothers, 11, castle-street wh it e gutt percha enamel, for stopping decayed teeth. this invaluable pre..."
tobacco,1850,3,238,94,5.7229,True,"cope's packet tobacco an tra.:;ture 1 by a patent process, which preserves the nature. flavour of the leaf. golden shag, virginia bird eye, latakia, havana, cut cavendish,..."
tobacco,1850,3,238,95,5.7573,True,"cigaits and tobacco in bond, for ships' stores and exportation. turmeat brothers, 11, castle-street. 1000 f business anbßess cards, } 12s 6d printed in the best style fo..."
tobacco,1850,3,238,96,5.7764,True,"n.8.-1n consequence of the greatorder increase of business in reas remdy-moved ade clothing, the piece goods and i department i up stairs. cigars and tobacco in bond, for ship's stores and exportation"
tobacco,1850,3,238,97,5.7803,True,tobacco.! tobacco !! tobacco !! cheapest in liverpool. fine cut kin 101b.i arcels) chester cut ~. zs. od. per lb. de. gd. „ good ciga.d6 (full flivour).. (se...
tobacco,1850,3,238,99,5.7826,True,"...ed in two colours, at half-a-crown a hundred by charles willmer, general printer, northern timis office, 19, south john-street, liverpool. cigars and tobacco in bond, for ship"
tobacco,1850,3,238,100,5.7921,True,"tobacco tobacco !! tobacco !! cheapest in liverpool. fine cut (in 101 b. r arcols) eiiester cut good cigars (full tiatour),.. (sell for 2d. each.) eb. 041. „..."
tobacco,1850,3,238,101,5.7986,True,"igaits and •//•••••....t•••••••••, .. tobacco in bond, for hip's sto;res ainisd exportation, charles turmeau, 11. casti e-streft. by hhhmajesty's ruyal letters patent. wrigley's improved cavendis..."
tobacco,1850,3,238,105,5.8262,True,"...ed in two colours, at half-a.crown a hundred by charles willmer, general printer, northern times office, 19, south john-street, liverpool. cigars and tobacco in bond, for ship"
tobacco,1850,3,238,106,5.8295,True,tobacco tobacco !! tobacco !! cheapest in liverpool. fine. cut (inlolb. r areels) chester cut good cigars (full tilvour) (sell for 2d. each.) 3s. od. per lb....
tobacco,1850,3,238,107,5.8685,True,"the northern times, saturdan, april 30, 1859. c ope's packet tobacco anufacixtred by a patent process, which preservers the natura flavour of the leaf. golden shag, virginia bird eye, latakia, havana,"
tobacco,1850,3,238,108,5.8715,True,"tobacco !, tobacco!! tobacco !! cheapest in liverpool. fine cut (in 10th. rareels) ss. od. per )1). chester cut good cigars (full ftivonr) ss, od.- (sell for..."
tobacco,1850,3,238,112,5.9119,True,tobacco! tobacco!! tobacco cheapest in liverpool. fine cut (in 101 b. parcels u. od. per lb. chester cut 3s. 6d good cigars (full flavour (sell for 2d. each....
tobacco,1850,3,238,114,5.924,True,"tobacco tobacco!! tobacco !! chea pe.set in liverpool. fine cra,(in.lolb.q.arcels) chester 'cut good cigars (full avour) (sei 'for:2d. each.) petver bates., ..."
tobacco,1850,3,238,117,5.9616,True,"the mildest flavoured and most delicious s lia.tana tobacco prodtced, imforted expe.egsly henry durandii, from whom only the real eldor a canine obtained. d .0 foreign (honey-dew) cavendish, 169. per "
tobacco,1850,3,238,118,5.9818,True,"liverpool honeydew cut tobacco in quarter-pound barrels, turmeau brothers, 11, castle-street. cook's new patent composition. the mining journal says :—"" it is calculated that more ..."
tobacco,1850,3,238,119,5.9825,True,tobacco •tobacco !! tobacco !! cheapest in liverpool. • fine cut (in 101 b. parcels) chester cut good cigars (full flavour) bs. od. „ (sell for 2d. each.) pe...
tobacco,1850,3,238,120,5.9864,True,"christmas presents. cavendish (el dorado) tobacco 75. per plug smokine m xture, ""tonneau"" 9s. per pound. patria king's cigars 32s per hundred. partagas cigars, very old"" 42s. per hu dred. cabdrga lte..."
tobacco,1850,3,238,122,6.0081,True,"the norti-lera times, wednesday, may 11, 1859. c ode's packet tobacco iiiatacturccl by a patent process, which preserves the natura flavour of the leaf. golden siiag, virginia bird eye, latakia, havan"
tobacco,1850,3,238,125,6.0461,True,"tobacco tobacco tobacco !! cheapest in liverpool. yupg cut (in 101 b. parcels chester cut 3s. tkl. per lb, 3s. 6d. „ good cigars (full flavour) ss, 061, (f3e..."
tobacco,1850,3,238,126,6.0551,True,tobacco tobacco !! tobacco !! • cheapest :in liverpool. fine cut (in 10ib. tarcels) 3s. od. per lb. good cigars (fall flavonr) bs. od. „ (sell for 2d. each.)...
tobacco,1850,3,238,128,6.0801,True,tobacco tobacco!! tobacco!! cheapest in liverpool. fine cut (in 10th. r arcels) 3s. od. per lb. chester cut good cigars (full flavour) bs. od. „ (sell for 2d...
tobacco,1850,3,238,130,6.1069,True,"tobacoo tobacco !! tobacco !.! cheapest in liver,pool. fine cut (in 101 b. rarcels) .:,•,.,, 3s. od. per lb. chester cut • 3s, 6d. „ good cigars (fall flavour), bs. ..."
tobacco,1850,3,238,133,6.1198,True,"the northera times, sa:turday, may 7, 1859. ore's packet tobacco itifacturea by a less, which preserves the se,tura flavemr of the leaf golden shag, virginia bird eye, latakia, havana, cut cavendish, "
tobacco,1850,3,238,134,6.1222,True,"tobacco in bond, for ship's stores and exportation. tiirmeau brothers, 11, castle-street. foreign correspondence.—a superior lot of foreign post paper, on sa..."
tobacco,1850,3,238,136,6.1491,True,tobacco tobacco tobacco !!! cheapest in liverpool. fine cut (in 1011). rarceb3) ss. od. per lb. chester cut good cigars (full q.wour) bs. od. „ (sell for 2d....
tobacco,1850,3,238,140,6.1765,True,tobacco! tobacco !! tobacco !! -cheapest llverrool. fine cut (in 101 b. rarcels) chester cut good cigars (full flavour) bs. od. ~ (sell for 2d. each.) peter-...
tobacco,1850,3,238,141,6.1942,True,tobacco tobacco !! tobacco !! • cheapest in liverpool. fine cut (in 101 b. rarcels) €rester cut good cigars (full flavour) bs. od. (sell for 2d. each.) peter...
tobacco,1850,3,238,142,6.2009,True,"christmas presents. cavendish (el dorado) tobacco 7s. per plug smolttile m xture, ""turmeau"" 9s. per pound. patria king's cigars 32s per hundred. partagas cigars, very old"" 425. per hurdred. cabargs p..."
tobacco,1850,3,238,145,6.227,True,"tobacco .tobacco!! tobacco!!! cheapest in liverpool fine cut (in 101 b. r arcele) chester cut good cigars (full flavour) bs, od (sel) for 2d. each.) 3s. od. ..."
tobacco,1850,3,238,146,6.2796,True,tobacco tobacco !! tobacco !! cheapest in liverpool. fine. cut (inlolb. r areels) chester cut good cigars (full tilvour) (sell for 2d. each.) 3s. od. per lb....
tobacco,1850,3,238,148,6.2919,True,"christmas presents. cavendish (el dorado) tobacco 75. per plug smoking i.ll 'lure, ""turmeau"" 9s. per pound. parria king's cigars partagas cigars, very old"" 425. per hundred. cabarga rega del rey"" cig..."
tobacco,1850,3,238,150,6.3191,True,"tobacco tobacco !! tobacco !! cheapest in liverpool. fine cut (in 101 b. r arcols) eiiester cut good cigars (full tiatour),.. (sell for 2d. each.) eb. 041. „..."
tobacco,1850,3,238,151,6.3299,True,"christmas presents. cavendish (el dorado) tobacco 7s. per plug smokitr, m xture, ""turmeau '' gs. per pound. patria king's cigars partagas cigars, very old"" 4.25. per hundred. cabargs itega del hey"" c..."
tobacco,1850,3,238,153,6.3446,True,"christmas presents. cavendish (el dorado) tobacco 7s. per plug smokincr m xture, ""turmeau"" 9s. per pound. patria king's cigars 32s per hundred. partagas cigars, ""very old"" 42s. per hu dred. cabarga l..."
tobacco,1850,3,238,154,6.3652,True,tobacco.! tobacco !! tobacco !! cheapest in liverpool. fine cut kin 101b.i arcels) chester cut ~. zs. od. per lb. de. gd. „ good ciga.d6 (full flivour).. (se...
tobacco,1850,3,238,155,6.3693,True,"christmas presents —cavendish (el dorado) tobacco 7s. per plug smoking* m xture, ""turmeau gs. per pound. patria king's cigars 32s per hundred, partagas cigars, very old"" 42s. per hundred. cabarga lie..."
tobacco,1850,3,238,156,6.3964,True,"christmas presents. cavendish (el dorado) tobacco 7e. per plug smokine m•xture,'""turmeau"" gs. per pound. patria king's cigars partagas cigars, •• r ry old"" 42s. per hu, dred. cabargs:' lega del rey"" ..."
tobacco,1850,3,238,157,6.3987,True,"tobacco tobacco!! tobacco !! chea pe.set in liverpool. fine cra,(in.lolb.q.arcels) chester 'cut good cigars (full avour) (sei 'for:2d. each.) petver bates., ..."
tobacco,1850,3,238,160,6.4148,True,tobacco tobacco !! tobacco !! • cheapest in liverpool. fine cut (in 101 b. rarcels) €rester cut good cigars (full flavour) bs. od. (sell for 2d. each.) peter...
tobacco,1850,3,238,165,6.468,True,"the support of our established en, education—the efficient maintenance meets—the je-' cigars and tobaccos. the most extensive and best selected stock in the city,. at greatly reduced prices. thema ns "
tobacco,1850,3,238,166,6.4683,True,"tobacco tobacco tobacco !! cheapest in liverpool. yupg cut (in 101 b. parcels chester cut 3s. tkl. per lb, 3s. 6d. „ good cigars (full flavour) ss, 061, (f3e..."
tobacco,1850,3,238,167,6.479,True,"63, church-street three doors below parke tobacco!! tobacco tobacco cheapest in liverpooi tine cut' (in iffib. parcels od. per it chester cut good cigars (full flavour (sell for 2d. each peter bates,..."
tobacco,1850,3,238,170,6.5109,True,tobacco tobacco !! tobacco !! cheapest in liverpool. fine. cut (inlolb. r areels) chester cut good cigars (full tilvour) (sell for 2d. each.) 3s. od. per lb....
tobacco,1850,3,238,173,6.5292,True,"tobacco !, tobacco!! tobacco !! cheapest in liverpool. fine cut (in 10th. rareels) ss. od. per )1). chester cut good cigars (full ftivonr) ss, od.- (sell for..."
tobacco,1850,3,238,174,6.5548,True,"tobacco tobacco !! tobacco !! cheapest in liverpool. fine cut (in 101 b. r arcols) eiiester cut good cigars (full tiatour),.. (sell for 2d. each.) eb. 041. „..."
tobacco,1850,3,238,177,6.6229,True,tobacco tobacco tobacco !!! cheapest in liverpool. fine cut (in 1011). rarceb3) ss. od. per lb. chester cut good cigars (full q.wour) bs. od. „ (sell for 2d....
tobacco,1850,3,238,178,6.6378,True,"t4iverpool honeydew cut tobacco in qtjarter•pound barrels sold only by turmeau brothers, 11, castle-street. william butcher, boot and shoe maker, 20, richmond-row, liverpool. clocks..."
tobacco,1850,3,238,180,6.6589,True,"14iverpool honeydew cut tobacco in quarter-pound bariels, sold:only by turmeau brothers, 11, castle-street. superior. hair cutting for. ladies, gentlemen and childr n. there are six..."
tobacco,1850,3,238,184,6.7063,True,"cope's packet tobacco s nianufactured by a patent process, which preserves the natural flavour of tho laaf. golden shag, virginia bird eye, latakia. havana, cut cavendish,..."
tobacco,1850,3,238,187,6.727,True,el 0 0 kjr pii fobacco fine cut tester cut n.b.—a la: respeetfully for ladies' geni reduced fares gisterli tobacco cheapest in liver good cigars (full flat peter bates q3io.key chimneys. cheapest esta
tobacco,1850,3,238,188,6.7413,True,"cope brothers, and co have this day reduced their price shag tobacco twopence per pound lord nelson-street, 12th may, 1859. dubtir, 2k,untsciacitts. i.t re royal, williamson-square.-- night of the eng"
tobacco,1850,3,238,193,6.8827,True,"cope's 1)..a.c...x.et tobacco reataettired by a i•uttent process, which prescrvee the nature tiatowr of the leaf. golden shag, virginia bird eye, latakia, havana; cut cavendish, i..."
tobacco,1850,3,238,194,6.8842,True,...89. vit atratuntrnts. core &nd co 700logicai la licensed ;omit to act of 1 7th vie tills day john atki .at derby-road. eason red ced their price shag tobacco 
tobacco,1850,3,238,195,6.8884,True,"raiims-amt-ieompany -0)134c00 tobacco tobacco 1, e)itapest •in liverpool ell/letu otr,r (1 '3s. od. per lb )1101b. rareels) good cat out:, 3s. 6d. cigab (nll fikyour) ...... bs. (sell for..."
tobacco,1850,3,238,196,6.8888,True,"wanted to know who sells the best and cheapest tobacco pipes, try jones and harris's, 49, sir thomas's-buildings, and no. 8, beckwith-street, wholesale and export manufacturers,"
tobacco,1850,3,238,198,6.9179,True,"tobacco tobacco tobacco !! cheapest in liverpool. yupg cut (in 101 b. parcels chester cut 3s. tkl. per lb, 3s. 6d. „ good cigars (full flavour) ss, 061, (f3e..."
tobacco,1850,3,238,199,6.9468,True,"brands already evince a disposition to hold for better prices. in bulk beers a steady demand continues, without change in prices. holders of tobacco are decidedly firmer, the late inclina- tion to sel"
tobacco,1850,3,238,200,6.9846,True,"00 w staite's patent i)iapiiragni tobacco pi j. yerburv, proprietor and manufacturer of the above invention, has now completed arrangemo ma for supplying the trade and public with thew pipes ..."
tobacco,1850,3,238,202,7.0287,True,tobacco tobacco tobacco !!! cheapest in liverpool. fine cut (in 1011). rarceb3) ss. od. per lb. chester cut good cigars (full q.wour) bs. od. „ (sell for 2d....
tobacco,1850,3,238,205,7.093,True,"cig•ars and tobacco bond, for ship's stores and exportation turmeau brothers, 11, castle-street. notioe to advertisers. london and north western railway. advertisements ..."
tobacco,1850,3,238,207,7.1121,True,"staite's patent diapiiiiaom tobacco pipes. j. terbury, proprietor and manufacturer of the shove invention, has now completed arningementa for supplying the trade and public with these p..."
tobacco,1850,3,238,209,7.1352,True,"63, church-street three doors below parke tobacco!! tobacco tobacco cheapest in liverpooi tine cut' (in iffib. parcels od. per it chester cut good cigars (full flavour (sell for 2d. each peter bates,..."
tobacco,1850,3,238,212,7.166,True,"tiie norther?., times, friday, may 20, 1859. cope brothers, and co hate this day reduced their price shag tobacco twopence per pound lord n on-street, 12th may, 1559 1) nl.llll i4:3 ant lit-7 a.l. thr"
tobacco,1850,3,238,213,7.1901,True,"cope brothf have this day reduced their price shag tobacco twopence per pound lord nelson-street, 12th may, 1859. ih amustments. theatre royal, wil liamson-square.— mr. w. r. copeland has great pleasu"
tobacco,1850,3,238,215,7.2124,True,"the northerin times, wednesday, may 18, 1859. cope brothers, and co., hate this day reduced their price shag tobacco twopence per pound lord nelson-street, 12th may, 1859 ttbtif amusttrauts. rpheatre "
tobacco,1850,3,238,218,7.2828,True,"tile nortijeith times, wednesday, may 25, 1859. clo übtir mt6emvats. cope brothers, and co!, have this day reduced their price shag tobacco twopence per pound lord nelson-street, 12th may, 1859. magni"
tobacco,1850,3,238,219,7.2856,True,"raiims-amt-ieompany -0)134c00 tobacco tobacco 1, e)itapest •in liverpool ell/letu otr,r (1 '3s. od. per lb )1101b. rareels) good cat out:, 3s. 6d. cigab (nll fikyour) ...... bs. (sell for..."
tobacco,1850,3,238,220,7.2965,True,"cope brothers, and co., have this dat reduced their price shag tobacco twopence per pound lord nelson-strut, 12th may. 1359. vuljtit amusemmts. rip eatre royal, williamson-square.- 1_ positively the l"
tobacco,1850,3,238,221,7.3083,True,"25,000 soldi ina,nra inl the northern times, thursday, june 2, 1859. iope brothe rs, and co,, hate this day reduced their price shag tobacco twopence per pound. lord nelson-1 itreet, 12th may, 1559 vu"
tobacco,1850,3,238,223,7.4358,True,"...can solace!! smolen4 'who wait a really good pipe of tolacco, are recomnientled to try the above. none genuine except sold ey c. turmea u. 6 -:.1) 26 tobacco! tobacco tobacco !! cheapest in liver"
tobacco,1850,3,238,224,7.5306,True,"...can solace!! smolen4 'who wait a really good pipe of tolacco, are recomnientled to try the above. none genuine except sold ey c. turmea u. 6 -:.1) 26 tobacco! tobacco tobacco !! cheapest in liver"
tobacco,1850,3,238,228,7.7108,True,"64 } tobacco, ;e tobacco, 4°"" yara to iiacco, damage 1 bale 138 boxes cavendish tobac 1 x egrohbad tobacco 37 boxes j 1 case havana cigars. for further particular..."
tobacco,1850,3,238,231,8.3449,True,"...actiliter, ,7 india=rubbei depot; 42, south castle-street can be ferwanied b_y_pq4,, and directions for. :o.easuren+,.. sent on application. tobac,co tobacco !! tobaociai"
tobacco,1850,4,134,81,7.7218,True,tobacco smoke test est hen rang} inns fty 1 11 r.-
tobacco,1850,4,134,83,7.7594,True,"ti js setero, situate ro• tobacco i'. fl offic to be let' s,ale-street .es. e, 11) ,-' minn,t od, ~,s 1 ily 11°,,';j11 an extelo tainirg-rybree attics, it itchens• .rst, the r. s. v""""..."
tobacco,1850,4,134,87,7.8807,True,"...ista. sent to prison. and it was not hands of the ol lowed to wire apprehend -e goods -ne there payment on this r the who 1)- • _ wire • that some of tobacco being costa, death of earl f"
tobacco,1850,4,134,90,7.9324,True,"contracts for peas, sugar, tea, tobacco, soap, and vinegar. bepartment of the comptroller for victualling and transport services, somerset-place, august 12, 1852. the co services, for execu..."
tobacco,1850,4,134,92,7.9725,True,"..., westminster —ln- mates of workhouses, 707 (last christmas, 743). fare, roast beef, plum pudding, &c., ad libitum, and one pint of porter each, with tobacco and snuff to thos"
tobacco,1850,4,134,105,8.4064,True,well stuffed with coarse tobacco leman borgo would
tobacco,1850,4,134,108,8.507,True,"we should very r stationed in our variot the merchant or to ass customs in detecting p, or a cake of a greig, however, ,cad tobacco"
tobacco,1850,4,134,113,8.6409,True,"can ne a, swiping in tobacco smoke at the o be at last enlisted out of harm's way--yes, better than the workhouse, or poaching, or australia and the diggings are only for the t q..."
tobacco,1850,4,134,120,8.9321,True,"the norther times, thursday, may 19, 1859 cope brot.hers, and co have this day reduced their price tobacco per pound public rnttstntextts. .. „, 700l0g i c a l liverpool. licensed pursuant to act of p"
tobacco,1850,4,134,122,8.9966,True,"hildren free i co., la this tow r would play a t of tun sponded to the great co of last even 3 our renien it was unr custor person lang vation g tobacco found upc that ti igainst the prisoners was tha"
tobacco,1850,4,134,131,9.8527,True,"i'°i3a""co.. tenders may their lordshi bare opened, thereof only as wat, e,ontracting tobacco 'endering are to each tender ria the countri tirtl dock sat west be produce 'het is found no 'hat tendered "
tobacco,1850,5,213,33,6.0977,True,"raw staples rrecivad we find a larger quantity of flax and a silk, and a decrease of cotton, but an increi e in tll, quantity of shetpswool. in tobacco there was decrease, and in wine also a decrease."
tobacco,1850,5,213,79,6.4456,True,"...- for 25,842,938 milreis, and the latter for 54,06,972""mi1reis salt and dry hides, and diamonds, figure for 3,000,000 to 5,000,000 nuilreis each, and tobacco for 3,436,401. ra"
tobacco,1850,5,213,88,6.5961,True,"tobacco and snuff 3,500,000 tea 4,000,000 coffee wine total customs £14,500,000 in the excise we should give up carriages, (stage and hackney), game certific..."
tobacco,1850,5,213,95,6.6727,True,"tobacco and cigars..., been heavy, and prtees plian-ce wi h t.o doulofts voted in tli negative toom4s, wig seveitd-ollie.r demoitrat; £he effect of the amend..."
tobacco,1850,5,213,106,6.8013,True,"... send the cargo in a british bottom; and thi rom one of our own colonies !offee from cey lon,l cotton and. suga from america, tea or silk from chiva, tobacco from cuba, a"
tobacco,1850,5,213,107,6.8035,True,"30 cases tobacco were engaged at 45., 500 .boxes cheese, 405., and 40 tuns sperm oil (250 gallons to the tun), at 30s. to hamburg, per steamer, 200 brls. peas were en..."
tobacco,1850,5,213,110,6.8139,True,"...oia (s.) has ar- rived, she left rio on ist feb. bahia, 7th pernambuco, 10th; st. vincent, 21st; and lisbon, 4th march. brings 1,200 tons of cone and tobacco "
tobacco,1850,5,213,113,6.8306,True,"...late eta mari tampico city of me) vera, cruz greytown vavana yetnerara trinidad the 014. the oh raerchants ,$352,460 tuna $56: of cochine: barrels of tobacco • iner"
tobacco,1850,5,213,124,6.9972,True,"the express, wednesday evening, february 12, 1851. customs duty on tobacco and the excise duties on malt and spirits. now, how did the honourable gentleman propose to supply the deficiency which the r"
tobacco,1850,5,213,134,7.1017,True,"...corn sells at 52c. to 55c. mess pork is firm at $2o. bacon sides are 10c. freights show some im- provement. cotton is taken for liverpool at gd., and tobacco at 30s. charleston, july 2g. the sa"
tobacco,1850,5,213,142,7.1604,True,"...december 30. the celebrated swedish sculptor fogelberg died on the llth ult. at trieste. letters from st. petersburg assert that the excise duties on tobacco had been raised, in order to in- c"
tobacco,1850,5,213,144,7.1831,True,"... weeks, and the !mai lder in three weeks aftetwards, or earlier if pre- ferred by the party tendering. pepper (whole tons. blaek)• • .. • • • • • • 5 tobacco ."
tobacco,1850,5,213,147,7.2759,True,"...----; flo: raw staples received we find a larger quantity 0. i, inefea'e and silk, end a decrease of cotton, but 011 1 the quantity of shecpswool. in tobacco decease, there wil ecrease, and"
tobacco,1850,5,213,152,7.3304,True,"coon par eaten cbooolaiiired eatistkeery ..... data tobacco noma tolima is int tolosa, b edi mossobetand cditto sad riatiletarad kenos eara tea wine la arks ditto la bottle. byear, maid ditto, raw llo"
tobacco,1850,5,213,154,7.3469,True,"contracts for sugar,- tea, tobacco, and soap. department of the comptroller for victualling and transport services, somerset house, 29th september, 1858. the commissioners for executin..."
tobacco,1850,5,213,157,7.4182,True,"venue :—"" registration dues, 18,555, 000 f. pros duce of tobacco sales, 7,972,000 f. postaget .2,396,000 f. duty on manufacture of beetroo; sugar, .3,681,000 f. potable liquors, 3,829,000 f. stamp dut"
tobacco,1850,5,213,174,7.7311,True,"...ss, june 26, 1858 material in africa, where the land does not re- quire it there is a dearth of it in the states, where the necessities of cotton and tobacco do. is there no mode of algebraical"
tobacco,1850,5,213,175,7.7359,True,"proposed dotation. contos. tobacco contract 1,000 customs ••6 524 fish duties 67 decima (lisbon and oporto districts)... 760 dccima (other districts of the kingdom) 460 2,811 the only ..."
tobacco,1850,5,213,176,7.7463,True,"coin moved to the 1.1 flat yellow at e3ic n 4 with a firmer the market on was engaged to liverpool 100 bushels of corn at 4id., of tobacco at"
tobacco,1850,5,213,178,7.7559,True,"customs ant) excise— foreign .. spirits plum .... british malt.. hops• • •• • • • • • • wino .. • • ........ sugar and molasses coffee tobacco and snuff 8utter..,,........ cheese •• .. • ...... curran"
tobacco,1850,5,213,186,7.9635,True,"tobacco in taking a retrospective view of the market for the last twelve months, we may observe that the opinions we expressed, as to the probable course of ..."
tobacco,1850,5,213,195,8.2405,True,"imperial parliament. rouse of commons, july 30. the house resumed at half-past six, when colonel dunne postponed his motion relative to the growth of tobacco in ireland. parliamentary voters' (ireland"
tobacco,1850,5,213,199,8.4745,True,"...oia (s.) has ar- rived, she left rio on ist feb. bahia, 7th pernambuco, 10th; st. vincent, 21st; and lisbon, 4th march. brings 1,200 tons of cone and tobacco "
tobacco,1850,5,213,201,8.5497,True,"burr or grindstones dye stuffs flax, hemp, and tow, unmanufactured unmanufactured tobacco rags. articlz it. it is agreed that the citizens and inhabitants of the united states shall have the right to "
tobacco,1850,5,213,206,8.8997,True,"gross deduct 8 per cent. for charges of collection 1,405,10' net tobacco monopoly pod-office cards tolls mints $16,158,734 735,000 72,435 2:►,360 • 459,000 73,599 total the expenditure he estimates as"
tobacco,1850,5,213,208,9.2162,True,"$9,011,010 6,304,532 1,298 21,9 950,0..0 gross deduct 8 per cent. for charges of collection $17,r.61, -41 1,405,107 net tobacco monopoly post-office cards tolls mints $16,158,731 • 735,000 72,435 .2 ~"
tobacco,1850,6,242,2,5.1974,True,"tion of the p, be no doubt veal one of tf -value lot ()au l of justia ipril last, the prisoner was carrying on a small business as a tobacconist and barber, in parliament-street. his priyate house was"
tobacco,1850,6,242,4,5.3322,True,"a marvellous tale. a man named jardin, 72 years of age, employed in the tobacco manufactory of nevers, was a few days ago, whilst leaving the railway station with some tobacco for which -he had been s"
tobacco,1850,6,242,9,5.3788,True,"albart, and the we osborne on '-‘r balmoral new tob.kcco warehouse. the new tobacco warehottee for glasgo; was opened yesterday, and the occasion celebrated by maar. cannel di co. entertaining about 1"
tobacco,1850,6,242,11,5.4549,True,"albart, and the we osborne on '-‘r balmoral new tob.kcco warehouse. the new tobacco warehottee for glasgo; was opened yesterday, and the occasion celebrated by maar. cannel di co. entertaining about 1"
tobacco,1850,6,242,12,5.5864,True,"...ii officers —charles john prow, aged 32, john thomas earns, 28, and thomas 44441, men brought up on remand, charged with stealing divers quanta:me of tobacco, t"
tobacco,1850,6,242,15,5.6089,True,"... by a barber, to defraud irish merchants. patrick lambert, the liverpool barber, who had been re- manded on a charge of conspiracy to defraud several tobacco manufacturers in b"
tobacco,1850,6,242,17,5.6288,True,"ourselves and the habana company, that such visits be made in. the presence of our solicitors.—we remain, sir, yours, truly, thomas cope. cigar and tobacco manufactory, lord nelson-street, liverpool, "
tobacco,1850,6,242,18,5.6538,True,"the tobacco trade. a meeting, convened by advertisement in the newspsli was held in the clarendon rooms yesterday, at 12 o'clos_g noon, at which time about 50 ge..."
tobacco,1850,6,242,20,5.6587,True,"different parts of lancashire, tre tobacco trade of lancashire'and y_ at manchester. on monday last, and agreed to form a association under the title of the tobacco manufac- turers' trade prot..."
tobacco,1850,6,242,21,5.6656,True,"different parts of lancashire, tre tobacco trade of lancashire'and y_ at manchester. on monday last, and agreed to form a association under the title of the tobacco manufac- turers' trade prot..."
tobacco,1850,6,242,23,5.7443,True,"bow-street. ellen sacker and john tobacco manufacturers, carrying on business at 4, gordon-street, islington, were summoned at the instance of the board of inland revenue, to answer several c..."
tobacco,1850,6,242,24,5.7458,True,"court of session-first division. wednisdat, june 9. christie v. thomson. beery christie, tobacco manufacturer, south bridge edinburgh, sues james thomson, tide-surveyor, leith the damages on account o"
tobacco,1850,6,242,25,5.753,True,"to importers, exporters, and manufac- turers of tobacco. ameeting of those interested in the tobacco trade will be held at the clarendon rooms, south jahn street. on tuesday, the 10th february, at twe"
tobacco,1850,6,242,28,5.8074,True,"...honest servant.—thomas almond and mary buckthorns were placed at the bar before mr. b'n,gbam, the former prisoner charged with stealing a quantity of tobacco, the property "
tobacco,1850,6,242,34,5.8538,True,important alteration in the tobacco tuties. :d extinction op the scotch and irish ucturi among what will be considered the minor alterations proposed by mr. gladstone on the customs dut...
tobacco,1850,6,242,35,5.8703,True,"public xotfte. to importers, exporters, and manufac- tubers of tobacco. ameeting of those interested in the tobacco trade will be held at the clarendon rooms, south john street, on tuesday, the 10th f"
tobacco,1850,6,242,36,5.8706,True,"public xotfte. to importers, exporters, and manufac- tubers of tobacco. ameeting of those interested in the tobacco trade will be held at the clarendon rooms, south john street, on tuesday, the 10th f"
tobacco,1850,6,242,37,5.9065,True,"to importers, exporters, and manufac- turers of tobacco. ameeting of those interested in the tobacco trade will be held at the clarendon rooms, south jahn street. on tuesday, the 10th february, at twe"
tobacco,1850,6,242,38,5.9735,True,"11epore messrs. barton and coxon. seamaatackacco.—charles warburton, a tranmere boatman, and'richard clarke, b. tobacco manufacturer, residing at chester-street, birkenhead, were charged withnnshippin"
tobacco,1850,6,242,39,5.9801,True,"to the editor of the sun. sir,—as a subscriber to your paper i take the liberty of calling your attention to the proposed increase in the tobacco license, which, if carried, will raise my license from"
tobacco,1850,6,242,41,5.9947,True,"to the editor of the sun. sir,—as a subscriber to your paper i take the liberty of calling your attention to the proposed increase in the tobacco license, which, if carried, will raise my license from"
tobacco,1850,6,242,42,6.009,True,"...igence.—may 9. clerkeniftll.--uttering forged bank of england notes.—edward clowden, aged 45, a man dressed as a sailor, and edward heath, aged 47, a tobacco pipe manufacturer, carrying o"
tobacco,1850,6,242,43,6.0091,True,"to the editor of the sun. six,—as a subscriber to your paper i take the liberty of calling your attention to the proposed increase in the tobacco license, which, if carried, will raise my license from"
tobacco,1850,6,242,44,6.0225,True,"was committed for trial, ..ltliough the -used daughter begged tal and demoralised father [lard for mercy towards assessment appeals ,-rating of the tobacco warehouse. mes,rs. stewart and castellain.i "
tobacco,1850,6,242,46,6.0279,True,"to the editor of the sun. six,—as a subscriber to your paper i take the liberty of calling your attention to the proposed increase in the tobacco license, which, if carried, will raise my license from"
tobacco,1850,6,242,49,6.0612,True,"11epore messrs. barton and coxon. seamaatackacco.—charles warburton, a tranmere boatman, and'richard clarke, b. tobacco manufacturer, residing at chester-street, birkenhead, were charged withnnshippin"
tobacco,1850,6,242,52,6.0915,True,"was committed for trial, ..ltliough the -used daughter begged tal and demoralised father [lard for mercy towards assessment appeals ,-rating of the tobacco warehouse. mes,rs. stewart and castellain.i "
tobacco,1850,6,242,53,6.0931,True,"tee tobacco trade. on the motion of mr. h. g. langton, returns were ordered of the several seiznrcs malt., and of the prosecution.; for breach of the laws relati..."
tobacco,1850,6,242,54,6.1141,True,"the tobacco trade. on tuesday a deputation of the leading merchants of the city of london waited upon the chancellor of the exchequer, with refer: uce to the tob..."
tobacco,1850,6,242,55,6.1145,True,"cigar and tobacco business, wanted, a first-rate concern, a corner pre- ferred, where a fancy pipe trade may be done.— apply to mr. alfred jacob, auctioner, 13a, basne..."
tobacco,1850,6,242,56,6.1155,True,"was committed for trial, ..ltliough the -used daughter begged tal and demoralised father [lard for mercy towards assessment appeals ,-rating of the tobacco warehouse. mes,rs. stewart and castellain.i "
tobacco,1850,6,242,57,6.1269,True,"the tobacco trade. a meeting, convened by advertisement in the newspsli was held in the clarendon rooms yesterday, at 12 o'clos_g noon, at which time about 50 ge..."
tobacco,1850,6,242,60,6.1443,True,"london gazette bankrupts.—john james vender heyde and christopher octayus vender heyde, lower thames- street, tobacco manufacturers and merchants. william underwood,frith-street, soho, and melbourne ("
tobacco,1850,6,242,61,6.1685,True,"gmprogmmt eitautth. to tobacco and cigar manufacturers. wanted, by a respectable shopkeeper, a commission for the sale of the above. references of the first respectability, with se..."
tobacco,1850,6,242,62,6.1728,True,"birkenhead. to be let, a cigar and tobacco shop, doing a good trade, in ore of the principal streets in the roan. satisfactory reasons given fcr leavin. fixtures and incoming moderate.—address..."
tobacco,1850,6,242,64,6.1872,True,"birkenhead. r obe let, a cigar and tobacco shop, doing a goad trade, in one.of the principal streets in the town. satisfactory reasons given for leavin7. fixtures and incoming moder.ite.—addre..."
tobacco,1850,6,242,67,6.206,True,"corrt of session-second division. december 19. advication —jam ps phillips, tobacco manufacturer —in glasgow, one of the trustees acting under the trust disposition of alexander ronald, deceased, agai"
tobacco,1850,6,242,71,6.2909,True,"...e courts. (this dat.) a immix= thin. fat,,,k marry., tailor. wee laillrged with stealing two run& of eice... value 155., the peeper, of yr. d. soars, tobacco manufacturer. diahopallattentiest"
tobacco,1850,6,242,74,6.3357,True,tee t''bacco duty. the very high duties laid upon tobacco by seve- ral nations ot europe—many hundred per ceat. of its cost price here—and the monopoly in the sale of it for the purpose of extracting 
tobacco,1850,6,242,75,6.3447,True,"markets, shipping intelligence, scotch bankrupts. from the edinburgh gazette of tuesday.) joun aonew, tobacco pipe manufacturer, 991 gl` lowgate, glasgow. creditors meet in the tootle hotel, there, 4t"
tobacco,1850,6,242,77,6.3622,True,"...ass corner ale and 1 porter vaults, with a large club-room, in one of the beat neighbourhoods in town, doing a good business in the cigar. snuff, and tobacco trade also.—apply "
tobacco,1850,6,242,79,6.3689,True,"...ass corner ale and 1 porter vaults, with a large club-room, in one of the best neighbourhoods in town, doing a good business in the cigar, snuff, and tobacco trade also.—apply to"
tobacco,1850,6,242,82,6.4098,True,"present dotation. contos. assignment upon the tobacco contract 1,000 mao custom-houses 1,157 ditto fish duties 65 ditto decims 624 2,845 priposed ddtation. couto& tobacco contract ~. ••• .. 1,000 cust"
tobacco,1850,6,242,85,6.483,True,important alteration in the tobacco tuties. :d extinction op the scotch and irish ucturi among what will be considered the minor alterations proposed by mr. gladstone on the customs dut...
tobacco,1850,6,242,86,6.4906,True,"tat tobacco trads. the usual circulars of the tobacco brokers have been issued, and in reference to the important trade in which they are engaged, messrs. g. s; ..."
tobacco,1850,6,242,87,6.493,True,"lirkensiead. to be let, a neat cigar and tobacco shop, in the best thoroughfare in the town, doing a good &aril. fixtures a7,cl incoming mcderate.-4 ilea% b°, a 13, sormern times office."
tobacco,1850,6,242,88,6.4991,True,"the tobacco trade. on tuesday a deputation of the leading merchants of the city of london waited upon the chancellor of the exchequer, with refer: uce to the tob..."
tobacco,1850,6,242,89,6.5156,True,the tobacco duty. the very high duties laid upon tobacco by seve- ral nations of europe—many hundred per cent. of its cost price here—and the monopoly in the sal...
tobacco,1850,6,242,90,6.5171,True,"tat tobacco trads. the usual circulars of the tobacco brokers have been issued, and in reference to the important trade in which they are engaged, messrs. g. s; ..."
tobacco,1850,6,242,92,6.5242,True,"to tobacco and cigar manufacturers ny-anted; by a respectable shopkeeper, a commission for the sale of the above. references of the first respectability, wit • ..."
tobacco,1850,6,242,93,6.5566,True,"tobacco powder (tobaco polvo) for sale in spain. to be disposed of by order of the spanish go- vernment, 890,227 lbs. of tobacco powder deposited at the ma, ..."
tobacco,1850,6,242,95,6.6028,True,"i 8 9 cores lie!f-hds. kentuckyleaf cond in h.m.i tobacco warehouse, this day, the comm 17th instat at twelve o'clock, in tb )in, temple-court, nnts, just landed, -pipes old ditto, 0 barrels „ ditto, "
tobacco,1850,6,242,96,6.6198,True,"birkenhead. fro be let, a cigar and tobacco shop, i doing a god trade, in one of the principal streets in the 'own. satisfactory reasons given for leaving. fixtures and incoming moder te.—add, ..."
tobacco,1850,6,242,98,6.6467,True,"birkenhead. to be let, a cigar and tobacco shop, doing a good trade, in one of the principal streets in the gown. satisfactory reasons given for leaving. fixtures and incoming moder.tte.—addre..."
tobacco,1850,6,242,100,6.6614,True,"... account of whom it may concern. to-mon.ttow, the 24th instant, at twelve o'clock precisely. at the broker's saleroom, 9, temple-court, 14 bales yara tobacco, damaged by sea water. lately"
tobacco,1850,6,242,101,6.6626,True,"tobacco smuggling. mr. h. g. langton moved for a return of the se- veral seizures made and of the prosecutions for breach of the laws relating to tolncco, be..."
tobacco,1850,6,242,103,6.6731,True,"co b eet bltte.k:titiead. po be let, a cigar and tobacco shop, doing a good trade, in ore of the principal streets in the town. satisfactory reasons given for teal-lax. fixtares and ,erate.—liddressa."
tobacco,1850,6,242,104,6.6883,True,"birkenhead. to be let, a cigar, and tobacco shop, doing a goad trade, in one of the prineipal streets in the town. satisfactory reasons given for leaving. fixtures and incoming moderate.—add re..."
tobacco,1850,6,242,110,6.7154,True,"birkenhead, to be let, a cigar and tobacco shop, doing a good trade, in one of the principal streets in the town. satisfactory reasons given for leavinr. fixtures and incomingmoderate.—address..."
tobacco,1850,6,242,120,6.7823,True,"tobacco smuggling. mr. h. g. la.ngton moved for a return of the se- veral seizures made and of the prosecutions for breach of the laws relating to tol),:cco,..."
tobacco,1850,6,242,121,6.7928,True,"few w u."" as the tobacco store,-which in selected tor the national banquet, is the ~,„t building in dublin, and is computed to be capable of accommodating 6,000 persons at di..."
tobacco,1850,6,242,124,6.8113,True,"birkenhead. t 0 be let, a neat cigar and tobacco shop, in the best that ugbfare in the town. doing a god trade, fixtures sad incoming moderate.—addrtss, a 13, norlhe,n times (mice. woodside, birkenh..."
tobacco,1850,6,242,127,6.832,True,"i 8 9 cores lie!f-hds. kentuckyleaf cond in h.m.i tobacco warehouse, this day, the comm 17th instat at twelve o'clock, in tb )in, temple-court, nnts, just landed, -pipes old ditto, 0 barrels „ ditto, "
tobacco,1850,6,242,129,6.868,True,"next week. on thursday, the 17th instant, at twelve o'clock precisely, at the brokers' saleroom, 54, hanover-street, 80 bales paraguay tobacco, 45 „ ot 1 fall faults, 8 „ columbian „ all faults, 8.5 „"
tobacco,1850,6,242,130,6.8756,True,"the' liverpool standard. london gazet7'e.-tuesday, june 17• partnerships dissolved. j. and j. c. fernihough, liverpool, tobacco manufacturers— s. atherstone and d. nichols, manchester, lace joiners—j."
tobacco,1850,6,242,134,6.8893,True,"present dotation. contos. assignment upon the tobacco contract 1,000 ditto custom-houses 1,157 ditto fish duties 65 ditto decima 624 2,845"
tobacco,1850,6,242,135,6.8927,True,"present dotation. contos. assignment upon the tobacco contract 1,000 mao custom-houses 1,157 ditto fish duties 65 ditto decims 624 2,845 priposed ddtation. couto& tobacco contract ~. ••• .. 1,000 cust"
tobacco,1850,6,242,137,6.9192,True,"...ount of whom it may concern. on tuesday next. the 24th instant, at twelve o'clock precisely, at the broker's saleroom, 9, temple-court, 14 bales yara tobacco, dvmaged by sea water, late"
tobacco,1850,6,242,141,6.9627,True,the tobacco duty. the very high duties laid upon tobacco by seve- ral nations of europe—many hundred per cent. of its cost price here—and the monopoly in the sal...
tobacco,1850,6,242,143,6.9719,True,"next week. on thursday, the 17th instant, at twelve o'clock precisely, at the brokers' saleroom, 54, hanover-street, 80 bales paraguay tobacco, 45 „ ot 1 fall faults, 8 „ columbian „ all faults, 8.5 „"
tobacco,1850,6,242,148,7.0081,True,"...tepping grey horse, narranted sound, a first-rate hunter, steady in double or single harness, and will carry a lady.—apply at 106 chatham. street. to tobacco and snuff"
tobacco,1850,6,242,151,7.0331,True,"to publicans aid others.- john davidge begs to acquaint the trade that be is selling. tobacco pipes under the london prices, and will send them to any part of the country for the same. long parlour pi"
tobacco,1850,6,242,153,7.0837,True,"to publicans an-d others:,- john davidge begs to acquaint the trade that he is selling tobacco pipes under the london prices, and will send them to any part of the country for the same. long parlour p"
tobacco,1850,6,242,161,7.1682,True,"19 tierces maryland lying in bond in h.m. tobacco warehouse, king 'i doc ulars, apply to dward samuelson and pike, tobacco brokers further part to-morrow, the 17th instant, at twelve o'clock, in the ..."
tobacco,1850,6,242,162,7.1717,True,"the albany dutchman hard hit to tobacco chewers: ban just invented a substitute guano, and will deubtlest se- -4144 ilt au% p' following members p's motion to refer eleet committee, vv to 4..."
tobacco,1850,6,242,165,7.2045,True,"tobacco monthly report. we extract the following from the circular of messrs. bremner & till, dated nov. 30 t—the reduction in the manufactured prices caused..."
tobacco,1850,6,242,179,7.3608,True,"london tobacco market, (review for the month of november.) the active state of the market in october, resulting in sales of 2,400 hhds, on a comparatively small sto..."
tobacco,1850,6,242,182,7.3728,True,"thames. tobacco smuggling.—joseph langston, a stoker, who has been employed on board the belgian ship baron osy, was brought before mr. yardley, charged with smuggli..."
tobacco,1850,6,242,183,7.3779,True,"...ount of whom it may concern. on tuesday next. the 24th instant, at twelve o'clock precisely, at the broker's saleroom, 9, temple-court, 14 bales yara tobacco, dvmaged by sea water, late"
tobacco,1850,6,242,184,7.3788,True,"... account of whom it may concern. to-mon.ttow, the 24th instant, at twelve o'clock precisely. at the broker's saleroom, 9, temple-court, 14 bales yara tobacco, damaged by sea water. lately"
tobacco,1850,6,242,187,7.3828,True,"viame3. a tobacco petticoat.—crinoline subebsedbd.---- lottie dartdemere, a little dutch woman who carried an infant in her arms, was brought before mr. yardley, charg..."
tobacco,1850,6,242,188,7.3832,True,"london tobacco trade. at the commencement of last month the market pre- sented a very quiet appearance, and the few limited sales effected were chiefly for immediat..."
tobacco,1850,6,242,192,7.4153,True,"...isbon, our. 81. it appears that the government will invite the direction of the bank of portugal, the commercial jusoctiation, and the company of the tobacco contract, to give their opinion"
tobacco,1850,6,242,194,7.5035,True,"w. leith, liverpool, merchant, first div. of 103., on the separate estate, any monday, at mr. bird's, liverpool. g. j. grant, liverpool, tobacco broker, second div. of ld., any monday, at mr. bird's, "
tobacco,1850,6,242,195,7.5115,True,"19 tierces maryland lying in bond in h.m. tobacco warehouse, king 'i doc ulars, apply to dward samuelson and pike, tobacco brokers further part to-morrow, the 17th instant, at twelve o'clock, in the ..."
tobacco,1850,6,242,200,7.5402,True,"1t5.612,149 768 £136,000 foreign debt. • tobacco contract 88.500,000 000 lisbon custom-house municipal customhouse 76,378 537 deeimu in lisbon, aveiro, braga, coimbra, leira, and sautarem 130,000 00..."
tobacco,1850,6,242,207,7.619,True,"rtlaitt. the crimean banquet is fixed for the 22nd inst. the government tobacco store, capable of contain- ing with ease 6,000 persons, has been selected as the building. upwards of 4,000 soldiers wil"
tobacco,1850,6,242,210,7.6721,True,"deaths. on the 31st ult., elizabeth, wife of george cambell, esq., of bangor (late of manchester), tobacco merchant. on the ist inst., at birkenhead, after a short illness, aged 63 years, mr. wiliam s"
tobacco,1850,6,242,215,7.9125,True,"20th inst., aft on, naney the beloved wife of mr. andrew tobacco and cigar dealer, no. 1, fishergate, preston. f)th inst., the hon. william middleton noel, whirl e.. suddenly, at exton park, itutland,"
tobacco,1850,6,242,220,8.0419,True,"another strike. the labourers in the tobacco department at st. kath- arine's docks on friday intimated their intention to ab- stain from going to work on monday, unless they re- ceived gd a-day ..."
tobacco,1850,6,242,234,8.8578,True,"az.),-se,ed that the cabs should return to their ranks. another strike.—the labourers in the tobacco de- partment at st. katharine's docks yesterday intimated their intention to abstain from going to "
tobacco,1850,6,242,241,11.0743,True,"spain. in the sitting of thel7tb,the cortes definitively adopted the law on railways. on the 18th, the bill relating to farming the tobacco revenues wu re- jected, and that on mortgage banks taken int"
tobacco,1850,7,43,1,3.2586,True,"the great tobacco controversy. dr. ,dxi on will lectuiv en this important topic daily at 3 and half-past 7 p.m at dr. k afin's mitaeum, so. r. omen- try street. leices..."
tobacco,1850,7,43,4,3.6123,True,"great tobacco controversy, dr. sexton will lecture en this important topic daily at 3 and half-past 7 p.m ,at dr. k min's museum, no. 4, coven- try street, leicest..."
tobacco,1850,7,43,5,3.6218,True,"the great tobacco controversy. dr. sexton will. lecture en this important topic daily at 3 and half-past 7 p.m ,at dr. kahn's museum, no. 4, coven- try. street, leices..."
tobacco,1850,7,43,6,3.6494,True,"the great tobacco controversy. dr. sex7 on will lecturc en this important topic daily at 3 and half-past 7 p.m at dr. k urn's muaeu3i, no. 4, coven- try street, leices..."
tobacco,1850,7,43,7,3.6595,True,"the great tobacco controversy. dr. sexi on will lecture en this important topic daily at 3 and half-past 7 p.m.; at dr. k min's mureum, no. 4, coven- try street, leice..."
tobacco,1850,7,43,8,3.7191,True,"tbe great tobacco controversy. dr. sexton will lecture en this iinno;tant topic daily at 3 and half-past 7 p.m at dr. kahn's museum, no. 4, coven- try street. leiceste..."
tobacco,1850,7,43,9,3.8576,True,"the great tobacco controversy. dr. sexton will lecture. on this imnortant topic daily at 3 and half-past 7 p.m at dr. k xrn's museum, no. 4. coven- try street, leicest..."
tobacco,1850,7,43,14,4.2418,True,"the great tobacco controversy. dr. sexi on will lecturf on this important topic every evening, at half-past 7, at dr. kahn's museum, 4, coventry- street, leicester-squ..."
tobacco,1850,7,43,15,4.3466,True,"iiihe great tobacco controversy.- i*. nekton •111 lem cali es dile important tow laily id shod ball•sert t pre., et o. kahn n m viiinc, n. kr. 4, forestry. week laketrer..."
tobacco,1850,7,43,16,4.3487,True,"the great tobacco controversy.— .a. dr. midi ira ldosiiiii se mum/ imprdral t.ø. d c.aily at 1 rad mahe*? pa., d. [aiiii i, 116.4. wirs. aremi. a mill um amide via, nw..."
tobacco,1850,7,43,17,4.3971,True,"nribe great tobacco controversy. dr..4erl on wi'l lectuim on this important topic every evening, at half-past 7, at dr. k kun'3 museum, 4, coventry- street, leicester-sq..."
tobacco,1850,7,43,18,4.4396,True,"the great tobacco controversy. lectures are delivered on this important subject every evening, by pr. sexton, at half-past 7. dr. kahn's anatomical museum, 4, coventry..."
tobacco,1850,7,43,20,4.5414,True,"the great tobacco controversy.- de. oixtoii will liter ulu es dd. boorlaat tale daily 811•8111011,int i pa.. ao dr. num*. orwalir 4428111=r—nes•i 888118)1.1=piemus.w1b..."
tobacco,1850,7,43,24,4.6425,True,"the great tobacco controversy. lectures are delivered on this important sul.ject every evening, by dr. sexton, at half-past 7. dr. kahn's anatomical museum, 4, coventr..."
tobacco,1850,7,43,27,4.7187,True,"the great tobacco controversy.— dr 93331.011 win lamas.* lg. impattoot toots dam' at 3 awl t _imo m umw 11, camaairp. 0•014. ird% soar aapria •it rtasital twarviioaeot..."
tobacco,1850,7,43,30,4.9612,True,"the great tobacco controversy. ttetures are delivered on this important subject every evening, by dr. sexton, at half•past 7. kaen's. anatomical mitsei7m, 4, coventry-..."
tobacco,1850,7,43,31,5.1797,True,"the tobacco controversy. tlectuiteb by george sexton, esq., j. m.d., f.r.0... p.k.i. dr., now hs the donne of asby del.rery at dr. kelm men®, ae• jeatitamtl verb..."
tobacco,1850,7,43,32,5.1849,True,great tobacco controversy.— gamasatjt. monis mil* ea aft wnw of • ot a ipswisr adidnio• 1.-0•1414.1 k olaidolof lan% loolorok
tobacco,1850,7,43,35,5.9138,True,"the tobacco controversy. -is smoking injuitious ?—the pro and can, soc.i.alljar` philiilsophleally, and medicinally. reprinted from the journals of the day. with..."
tobacco,1850,7,43,39,6.7669,True,"the great tobacco controvbray.— astatl-""z? maa.thrimirlftmcl:=l; zit jim= •111.01:zoljttrily • iiavllgga*....= kv applealke. na= et ur pm loll* aril elkijrfostrios. %...."
tobacco,1850,7,43,42,8.4368,True,"the gh.eat tobacco contkoveksy.—dr. sexton will lecture on this important topic every evening at half-past seven, at fr. kahn's museum, 4,, coventry-street, lelcester-s..."
tobacco,1850,7,43,43,8.5208,True,"i/sat mazotiorla.ull.s e m. =llllrsviall=ati 111•1141:1m11 treobald's road, pysyraifo w kbr we ont blanc is open. great tobacco blirki go ritiatts.i l oa ibmilinvolf riltiol tr flutbreitirf...voluiita"
